,query
0,family
1,coworking
2,ciudad
3,adorable
4,robots
5,thailand
6,montana
7,ice
8,becker
9,icon
10,family
11,supermarket
12,barricade
13,horse
14,coffee
15,olla
16,connection
17,hot
18,flag
19,cop
20,active
21,abstract
22,vineyard
23,auto
24,vaccine
25,sensor
26,professions
27,peru
28,digital
29,stunt
30,artificial
31,welcome
32,canada
33,infographic
34,weight
35,freelancer
36,black
37,medic
38,boat
39,adult
40,weight
41,dubai
42,people
43,jersey
44,tree
45,table
46,alcohol
47,yoga
48,character
49,dog
50,dealership
51,flower
52,chalkboard
53,formula
54,cornichon
55,architecture
56,falling
57,brush
58,dubai
59,neon
60,wisdom
61,plage
62,help
63,abstract
64,marriage
65,fiji
66,cinco
67,tales
68,vegan
69,flyer
70,architecture
71,background
72,attractive
73,moda
74,mercedes
75,floor
76,men
77,barcelona
78,fon
79,4
80,watercolor
81,bulletin
82,office
83,led
84,thinking
85,cliente
86,calculate
87,Carousel
88,mediterranean
89,banco
90,banners
91,business
92,francisco
93,cupid
94,penguin
95,kina
96,truck
97,mobile
98,blossom
99,gossip
100,monogram
101,jewelry
102,world
103,pizza
104,mind
105,background
106,truck
107,soccer
108,aa
109,machine
110,yogurt
111,castle
112,plantain
113,orange
114,Fiesole
115,yellow
116,maharashtra
117,diving
118,pattern
119,elf
120,table
121,pet
122,background
123,feather
124,tiger
125,hand
126,air
127,familie
128,cup
129,cerebellum
130,boli
131,london
132,erotica
133,abstract
134,sign
135,bokeh
136,teamwork
137,fabric
138,magician
139,blowing
140,agriculture
141,ball
142,orange
143,3d
144,crossword
145,background
146,conversation
147,adult
148,ambiente
149,counter
150,music
151,appetizer
152,archery
153,pub
154,ribbons
155,groovy
156,job
157,blue
158,PEL
159,valentine
160,valentine
161,valentine
162,musica
163,patrick
164,avocado
165,karnataka
166,familia
167,fat
168,world
169,FLOWERS
170,luxury
171,meeting
172,informatiques
173,shark
174,app
175,Edinburgh
176,illustrations
177,TORONTO
178,presentation
179,day
180,carta
181,carta
182,dad
183,exhibitor
184,background
185,banner
186,charro
187,background
188,background
189,data
190,graphic
191,hearts
192,top
193,color
194,baby
195,vagina
196,animal
197,cacao
198,car
199,clown
200,bald
201,face
202,fantasia
203,people
204,adorable
205,sky
206,Testing
207,brain
208,shawarma
209,battle
210,brochures
211,soccer
212,vietnam
213,front
214,arab
215,store
216,fairy
217,hammam
218,port
219,atom
220,strike
221,accident
222,addict
223,flor
224,clipboard
225,hair
226,young
227,building
228,gift
229,template
230,technology
231,elegant
232,beach
233,fire
234,school
235,girl
236,adult
237,adult
238,adult
239,egypt
240,business
241,barcelona
242,off
243,fit
244,background
245,reminder
246,standee
247,service
248,pomegranate
249,cerveza
250,flower
251,milk
252,logo
253,car
254,formation
255,coffee
256,repairman
257,desktop
258,futbol
259,valentines
260,media
261,alps
262,kitchen
263,kitchen
264,road
265,achievements
266,abstract
267,chocolate
268,chocolate
269,online
270,pencil
271,chien
272,icon
273,sand
274,background
275,shield
276,hearts
277,flyer
278,editorial
279,logo
280,student
281,isometric
282,spa
283,easter
284,petrochemical
285,food
286,istanbul
287,bread
288,food
289,african
290,harp
291,man
292,bus
293,crown
294,hair
295,isolated
296,bord
297,archer
298,landscape
299,day
300,dusk
301,success
302,menu
303,art
304,microphone
305,action
306,journaling
307,future
308,bag
309,skin
310,arrangements
311,heart
312,analysis
313,businessman
314,neon
315,office
316,advertisement
317,trade
318,strawberry
319,lemon
320,leaf
321,soviet
322,mujeres
323,construction
324,system
325,pattern
326,baby
327,caregiver
328,app
329,fon
330,uniform
331,turkey
332,tv
333,pilot
334,technology
335,dans
336,abstract
337,cashier
338,alphabet
339,prom
340,meeting
341,camino
342,watercolor
343,science
344,tree
345,german
346,woodstock
347,party
348,cave
349,vip
350,dinosaur
351,car
352,handwrite
353,creative
354,valentine
355,leader
356,civil
357,bar
358,fon
359,alexander
360,avocado
361,pill
362,food
363,gold
364,racism
365,car
366,line
367,indian
368,abstract
369,heart
370,movie
371,1
372,pug
373,adult
374,dragon
375,gang
376,ink
377,play
378,alopecia
379,abstract
380,hottub
381,bus
382,sunflower
383,logos
384,cowgirl
385,cybersecurity
386,flower
387,gr
388,reward
389,height
390,pizza
391,doodle
392,cheese
393,antibiotic
394,font
395,infographic
396,mandala
397,reporting
398,bakery
399,paper
400,virtual
401,cold
402,block
403,hat
404,clothing
405,baby
406,weird
407,client
408,icon
409,sydney
410,woman
411,karate
412,senior
413,surface
414,powerpoint
415,coffe
416,wine
417,typewriter
418,agriculture
419,sketch
420,ave
421,love
422,europe
423,container
424,lebanon
425,goalkeeper
426,familia
427,poker
428,adorable
429,regata
430,shop
431,professional
432,time
433,grandparents
434,food
435,abstract
436,mockup
437,quilt
438,hands
439,abstract
440,wine
441,shisha
442,heat
443,bath
444,gin
445,art
446,travel
447,bathrooms
448,lies
449,blan
450,halo
451,animal
452,brush
453,light
454,migraine
455,smoke
456,box
457,affaires
458,infographic
459,home
460,adult
461,flowers
462,moda
463,tea
464,abstract
465,friendship
466,diagram
467,ravioli
468,austin
469,duck
470,cheetah
471,indian
472,animal
473,sword
474,succes
475,gift
476,woman
477,email
478,lawn
479,cup
480,google
481,CPET
482,sausage
483,car
484,5k
485,block
486,airport
487,brochure
488,doctor
489,menu
490,fryer
491,kid
492,wallpaper
493,schloss
494,door
495,barstool
496,trippy
497,albicans
498,ZEUS
499,militares
500,flowers
501,ancient
502,arte
503,circle
504,bath
505,chemical
506,party
507,skill
508,fruits
509,poor
510,background
511,fjord
512,radio
513,radio
514,ancient
515,corporate
516,icon
517,mirror
518,valentine
519,3d
520,hr
521,chinese
522,adventurous
523,home
524,kimono
525,construction
526,indian
527,buffalo
528,law
529,bird
530,shapes
531,fridge
532,home
533,bedroom
534,abstract
535,activity
536,name
537,spares
538,icon
539,running
540,valentine
541,francaise
542,app
543,media
544,caminata
545,dishes
546,concert
547,pommes
548,museum
549,banner
550,meeting
551,infograph
552,car
553,funny
554,bali
555,backpack
556,terms
557,valentine
558,fon
559,umbrella
560,school
561,food
562,food
563,abstract
564,peru
565,flowers
566,women
567,street
568,star
569,cake
570,blankets
571,puppy
572,school
573,adult
574,doodle
575,ceviche
576,construcción
577,3d
578,fundraising
579,pizza
580,injection
581,background
582,london
583,confetti
584,super
585,aerial
586,caché
587,administration
588,luxury
589,doctor
590,aerial
591,agribusiness
592,coral
593,photo
594,cow
595,lost
596,coffee
597,garlic
598,cheese
599,meat
600,puberty
601,crinoid
602,Yogurt
603,cloud
604,cloud
605,wine
606,industry
607,boat
608,stick
609,quote
610,skin
611,arte
612,social
613,advertisement
614,grunge
615,breakfast
616,bag
617,animal
618,indonesia
619,folder
620,business
621,business
622,business
623,business
624,certificate
625,realtor
626,estudio
627,brain
628,communication
629,valentine
630,vine
631,family
632,head
633,clean
634,layout
635,suits
636,zumba
637,brochure
638,shirt
639,menu
640,cab
641,camera
642,target
643,WEDDING
644,phone
645,family
646,lamb
647,sunset
648,car
649,car
650,car
651,car
652,car
653,story
654,watercolor
655,phone
656,dive
657,architecture
658,logo
659,kat
660,abstract
661,home
662,bayan
663,loyalty
664,background
665,food
666,tired
667,art
668,sprinkler
669,eco
670,Osaka
671,shopping
672,water
673,face
674,smile
675,paper
676,wood
677,action
678,workshop
679,painting
680,global
681,design
682,contact
683,macaroni
684,park
685,wall
686,bottle
687,app
688,travel
689,melbourne
690,polaroid
691,peanuts
692,asian
693,dry
694,mamma
695,shop
696,fem
697,fit
698,pineapple
699,house
700,abstract
701,flower
702,cactus
703,statue
704,wall
705,abstract
706,glitter
707,bank
708,welcome
709,adresse
710,children
711,calamity
712,forst
713,africana
714,maze
715,justice
716,pharmaceutical
717,game
718,helm
719,icon
720,ethnic
721,bookmarks
722,robot
723,busy
724,alm
725,business
726,cool
727,sport
728,woman
729,abstract
730,bag
731,whale
732,pattern
733,spa
734,car
735,spiritual
736,water
737,adult
738,silhouette
739,baby
740,button
741,ravioli
742,green
743,stevia
744,asian
745,park
746,aged
747,milk
748,forex
749,botanical
750,climbing
751,plastic
752,flyer
753,child
754,Door
755,hak
756,gueridon
757,gift
758,hair
759,horse
760,adventure
761,wine
762,sine
763,wedding
764,pattern
765,training
766,halloween
767,standee
768,wedding
769,cow
770,cow
771,alphabet
772,fracture
773,lotus
774,concrete
775,development
776,access
777,rome
778,face
779,6
780,pattern
781,building
782,cloth
783,iris
784,background
785,abstract
786,bonnet
787,cat
788,splash
789,ovum
790,birthday
791,teacher
792,japan
793,brillant
794,landfill
795,cms
796,alphabet
797,gold
798,black
799,couple
800,house
801,house
802,mountain
803,animal
804,cream
805,ballon
806,star
807,abstract
808,abstract
809,store
810,hops
811,holiday
812,face
813,character
814,ambiente
815,palabra
816,book
817,NATO
818,hund
819,bride
820,young
821,modèle
822,chocolate
823,logo
824,poster
825,winston
826,concept
827,mango
828,beach
829,devi
830,devi
831,devi
832,luxury
833,cloud
834,human
835,fleet
836,abstract
837,asi
838,business
839,business
840,timeline
841,laser
842,african
843,business
844,bowl
845,passe
846,dog
847,deadline
848,clipboard
849,gun
850,godzilla
851,logos
852,valentine
853,bear
854,trade
855,abstract
856,calenders
857,family
858,playstation
859,disruption
860,icon
861,idol
862,puffins
863,tetris
864,hummingbird
865,pork
866,bridge
867,nature
868,sport
869,background
870,home
871,laptop
872,woman
873,bubble
874,visit
875,microphone
876,animal
877,spray
878,bathroom
879,family
880,whistler
881,winter
882,adult
883,lng
884,aluminum
885,adult
886,cadre
887,helicopter
888,award
889,art
890,verre
891,copa
892,distractions
893,Caution
894,halloween
895,e
896,paint
897,insomnia
898,terracota
899,land
900,men
901,winner
902,Technology
903,abstract
904,hairstyle
905,amazon
906,fruit
907,greenery
908,hiring
909,isometric
910,ail
911,eyelash
912,wine
913,bachelorette
914,bachelorette
915,clouds
916,auto
917,truck
918,woman
919,furnace
920,neon
921,speech
922,automotive
923,po
924,sun
925,application
926,star
927,hunger
928,microphone
929,exam
930,abstract
931,elearning
932,gaming
933,octopus
934,gold
935,cake
936,water
937,steampunk
938,adult
939,logos
940,bellota
941,auto
942,italy
943,certificate
944,background
945,exercise
946,drink
947,wood
948,vanilla
949,cleaning
950,skin
951,fila
952,aromatic
953,bomba
954,giornata
955,reading
956,ground
957,family
958,italiana
959,carpet
960,academia
961,certificate
962,love
963,flames
964,lock
965,western
966,woman
967,spam
968,accreditation
969,day
970,day
971,cartoon
972,infograph
973,infograph
974,pakistan
975,creator
976,day
977,day
978,high
979,water
980,night
981,COFFEE
982,flag
983,abstract
984,bridges
985,music
986,flor
987,may
988,background
989,flower
990,design
991,telemarketing
992,excited
993,中华
994,orange
995,climb
996,couple
997,old
998,diet
999,love
1000,aged
1001,OLD
1002,wasabi
1003,pirate
1004,pilot
1005,erotic
1006,abstract
1007,man
1008,gift
1009,slab
1010,beautiful
1011,background
1012,love
1013,freedom
1014,los
1015,creative
1016,skin
1017,hart
1018,3d
1019,polymer
1020,printer
1021,removal
1022,checkbook
1023,graphique
1024,nature
1025,database
1026,background
1027,orange
1028,accident
1029,phoenix
1030,travail
1031,slogan
1032,slogan
1033,trophy
1034,3d
1035,eat
1036,tv
1037,cbd
1038,cbd
1039,kara
1040,landscape
1041,campesino
1042,map
1043,headache
1044,air
1045,Jennifer
1046,shoes
1047,shoes
1048,heart
1049,asiatica
1050,food
1051,linux
1052,potato
1053,pen
1054,burger
1055,design
1056,elephant
1057,door
1058,8
1059,lines
1060,beverages
1061,medical
1062,taskbar
1063,rabbit
1064,flowers
1065,bacteria
1066,christmas
1067,activity
1068,kit
1069,bloom
1070,hablar
1071,asian
1072,belt
1073,shana
1074,crm
1075,oscar
1076,banner
1077,petal
1078,rice
1079,warehousing
1080,8bit
1081,beat
1082,modern
1083,radio
1084,geometric
1085,background
1086,london
1087,jungles
1088,painting
1089,abstract
1090,truck
1091,asian
1092,statistic
1093,check
1094,pattern
1095,pattern
1096,shop
1097,concept
1098,barbacoa
1099,divan
1100,bunny
1101,asia
1102,infographic
1103,infographic
1104,cottage
1105,thumbs
1106,landmark
1107,girl
1108,hawaiian
1109,flu
1110,wedding
1111,abstract
1112,york
1113,beauty
1114,resturant
1115,buddha
1116,pitcher
1117,mountain
1118,manufacture
1119,butterfly
1120,gunners
1121,snorkel
1122,isolated
1123,magazine
1124,ancient
1125,girl
1126,meat
1127,rosa
1128,prize
1129,mum
1130,spring
1131,adj
1132,agriculture
1133,accident
1134,scan
1135,indian
1136,germ
1137,appetizer
1138,podium
1139,sakura
1140,treasure
1141,LUNGS
1142,gold
1143,wedding
1144,wedding
1145,wedding
1146,indonesia
1147,home
1148,team
1149,customer
1150,ticket
1151,chicago
1152,shoe
1153,barber
1154,ball
1155,heart
1156,HAND
1157,commerce
1158,tiendas
1159,splash
1160,afro
1161,infographic
1162,icon
1163,icon
1164,valentine
1165,infograph
1166,time
1167,groom
1168,headphones
1169,banner
1170,3d
1171,glass
1172,wooden
1173,church
1174,heart
1175,date
1176,helicopters
1177,spice
1178,action
1179,black
1180,art
1181,lingerie
1182,dog
1183,infographics
1184,industria
1185,abstract
1186,jardin
1187,paper
1188,advertisement
1189,boda
1190,carrots
1191,shower
1192,telephone
1193,illustrations
1194,outsourcing
1195,success
1196,pancakes
1197,dream
1198,logo
1199,icon
1200,active
1201,mandala
1202,carta
1203,icon
1204,icon
1205,icon
1206,city
1207,cute
1208,millenials
1209,snowshoeing
1210,certificate
1211,folk
1212,london
1213,ribbon
1214,global
1215,kitchen
1216,website
1217,bull
1218,life
1219,hippy
1220,orgasm
1221,desert
1222,copywriter
1223,label
1224,door
1225,samurai
1226,art
1227,shirt
1228,movie
1229,antique
1230,kitchen
1231,lenten
1232,air
1233,computer
1234,car
1235,background
1236,mumbai
1237,exposition
1238,buy
1239,line
1240,badge
1241,calle
1242,excited
1243,fox
1244,sofa
1245,abbreviation
1246,future
1247,cup
1248,iphone
1249,isometric
1250,pain
1251,food
1252,silhouette
1253,geometry
1254,fluorite
1255,bebe
1256,candle
1257,logo
1258,party
1259,Japan
1260,skin
1261,model
1262,engine
1263,multicultural
1264,beach
1265,beach
1266,balloon
1267,manager
1268,alert
1269,icon
1270,tron
1271,flipper
1272,rose
1273,london
1274,flowers
1275,arrows
1276,background
1277,glasses
1278,icon
1279,wood
1280,flower
1281,shirt
1282,claro
1283,best
1284,bike
1285,social
1286,box
1287,family
1288,bomba
1289,mapa
1290,black
1291,lin
1292,note
1293,flyer
1294,background
1295,costumes
1296,fruit
1297,design
1298,science
1299,jazz
1300,question
1301,domaine
1302,phoenix
1303,daddy
1304,horse
1305,family
1306,paint
1307,pool
1308,buh
1309,curtain
1310,valentine
1311,data
1312,photo
1313,abstract
1314,bed
1315,Balaclava
1316,milk
1317,fire
1318,flag
1319,president
1320,background
1321,adult
1322,adult
1323,adult
1324,tiramisu
1325,health
1326,diploma
1327,car
1328,tree
1329,tree
1330,timeline
1331,presentation
1332,music
1333,business
1334,calendar
1335,cargo
1336,space
1337,automatic
1338,cook
1339,porcelain
1340,eye
1341,blackboard
1342,knuckle
1343,adult
1344,cafe
1345,people
1346,global
1347,adult
1348,growing
1349,nice
1350,food
1351,geometric
1352,day
1353,music
1354,music
1355,logo
1356,cart
1357,cheese
1358,wall
1359,brazil
1360,memphis
1361,business
1362,confetti
1363,love
1364,police
1365,background
1366,beauty
1367,travel
1368,crane
1369,salmon
1370,financial
1371,kid
1372,cocktail
1373,optometry
1374,horse
1375,strada
1376,architecture
1377,career
1378,building
1379,sport
1380,sport
1381,language
1382,fire
1383,check
1384,Havaianas
1385,feathers
1386,cake
1387,leaf
1388,CLOTHES
1389,special
1390,infrastructure
1391,people
1392,dark
1393,national
1394,button
1395,fram
1396,banana
1397,skiing
1398,altitude
1399,cloud
1400,Housing
1401,person
1402,architecture
1403,day
1404,election
1405,arrow
1406,pattern
1407,run
1408,spreadsheet
1409,grad
1410,medic
1411,paw
1412,carta
1413,arms
1414,dia
1415,dia
1416,princesses
1417,clouds
1418,clouds
1419,office
1420,funnel
1421,water
1422,valentine
1423,palliative
1424,people
1425,student
1426,ribbon
1427,apple
1428,hand
1429,always
1430,ancient
1431,ancient
1432,valentine
1433,air
1434,cross
1435,isometric
1436,centro
1437,car
1438,car
1439,mother
1440,hotel
1441,cement
1442,frame
1443,lamp
1444,turntable
1445,balloon
1446,gold
1447,gold
1448,family
1449,hello
1450,woman
1451,asian
1452,ambiente
1453,watercolor
1454,blue
1455,disco
1456,chinese
1457,growth
1458,america
1459,design
1460,horse
1461,badge
1462,ribbon
1463,tutor
1464,popcorn
1465,clip
1466,funeral
1467,wait
1468,astrology
1469,hat
1470,minimalist
1471,abstract
1472,vector
1473,cat
1474,background
1475,systems
1476,fifa
1477,soil
1478,cleaning
1479,franchises
1480,day
1481,boston
1482,houston
1483,logo
1484,fence
1485,bottle
1486,memphis
1487,attention
1488,KNOWLEDGE
1489,bosque
1490,city
1491,sport
1492,coffee
1493,volatile
1494,shelf
1495,icon
1496,spa
1497,angle
1498,cinderella
1499,birthday
1500,abstract
1501,american
1502,Exhibitor
1503,spartan
1504,psychologist
1505,cinque
1506,hava
1507,bottle
1508,ponte
1509,autre
1510,girl
1511,safari
1512,6
1513,wood
1514,skull
1515,construction
1516,idol
1517,michigan
1518,lingerie
1519,australian
1520,skin
1521,boston
1522,website
1523,snake
1524,abstract
1525,man
1526,hippie
1527,bonus
1528,helmet
1529,rx
1530,kitchen
1531,art
1532,walnut
1533,day
1534,call
1535,store
1536,ear
1537,ear
1538,education
1539,africa
1540,mamá
1541,sun
1542,ribbon
1543,cedar
1544,agriculture
1545,illustration
1546,plumber
1547,background
1548,adult
1549,VIO
1550,palestine
1551,background
1552,golf
1553,blue
1554,slush
1555,shutters
1556,movies
1557,dictionary
1558,orthodox
1559,mirror
1560,pregnant
1561,nasa
1562,icon
1563,monster
1564,appetizing
1565,virus
1566,security
1567,rosette
1568,animation
1569,bus
1570,abstract
1571,calligraphy
1572,barbecue
1573,programmer
1574,scotland
1575,brain
1576,FLORES
1577,fitness
1578,horse
1579,rose
1580,brochure
1581,appetizer
1582,app
1583,art
1584,pattern
1585,sheriff
1586,check
1587,brochure
1588,oasis
1589,aloha
1590,isla
1591,mouse
1592,mandala
1593,caracter
1594,gold
1595,label
1596,tele
1597,moonset
1598,salmon
1599,bestie
1600,dog
1601,anniversary
1602,isometric
1603,water
1604,cleansing
1605,gloves
1606,birthday
1607,patrick
1608,roma
1609,family
1610,burgundy
1611,animal
1612,attention
1613,human
1614,sun
1615,iv
1616,taxes
1617,tienda
1618,career
1619,social
1620,flagstaff
1621,business
1622,question
1623,architecture
1624,adult
1625,light
1626,bathroom
1627,islam
1628,america
1629,frame
1630,watercolor
1631,wacom
1632,concerned
1633,chocolate
1634,adult
1635,box
1636,design
1637,deposit
1638,Toblerone
1639,mujer
1640,beauty
1641,vin
1642,leadership
1643,president
1644,boxer
1645,retention
1646,abstract
1647,jumper
1648,sage
1649,cerebro
1650,body
1651,color
1652,photography
1653,aerator
1654,book
1655,man
1656,healthcare
1657,abstract
1658,gym
1659,adult
1660,bala
1661,flor
1662,flower
1663,bosque
1664,wreath
1665,magic
1666,smilies
1667,valentine
1668,bag
1669,sea
1670,iceland
1671,black
1672,sunset
1673,watercolor
1674,trim
1675,business
1676,Brides
1677,tecnologia
1678,organic
1679,baby
1680,microphone
1681,ancient
1682,water
1683,couple
1684,estadio
1685,desk
1686,branding
1687,candidiasis
1688,watermelon
1689,atlanta
1690,computer
1691,wedding
1692,plastic
1693,bed
1694,chocolate
1695,abstract
1696,design
1697,balls
1698,discovery
1699,battery
1700,arte
1701,bed
1702,crown
1703,abstract
1704,party
1705,space
1706,fit
1707,nail
1708,nail
1709,new
1710,wave
1711,excavator
1712,pickleball
1713,pickleball
1714,doctor
1715,aloha
1716,fonts
1717,chart
1718,banner
1719,mine
1720,africana
1721,australia
1722,foyer
1723,s
1724,3d
1725,travel
1726,abstract
1727,canyon
1728,american
1729,background
1730,table
1731,steam
1732,problem
1733,candy
1734,orlando
1735,easel
1736,budget
1737,design
1738,tree
1739,art
1740,textile
1741,eggs
1742,love
1743,mountain
1744,dna
1745,marino
1746,timer
1747,money
1748,LILY
1749,farmer
1750,free
1751,sketch
1752,bar
1753,christian
1754,earth
1755,poster
1756,cyclist
1757,abstract
1758,skydiving
1759,detector
1760,d
1761,illustration
1762,madeira
1763,architecture
1764,pattern
1765,background
1766,shake
1767,spartan
1768,hawaii
1769,medic
1770,bald
1771,abstract
1772,beer
1773,curious
1774,photo
1775,casa
1776,celebration
1777,background
1778,spheres
1779,concept
1780,cabaret
1781,number
1782,essen
1783,portrait
1784,summer
1785,tattoo
1786,computer
1787,linguistics
1788,apartment
1789,BRAND
1790,alone
1791,本
1792,plant
1793,h
1794,hotel
1795,risotto
1796,workplace
1797,art
1798,cupcake
1799,icon
1800,unicorn
1801,bank
1802,infographics
1803,cheese
1804,detox
1805,camisa
1806,planet
1807,line
1808,background
1809,Pantyhose
1810,quote
1811,day
1812,honey
1813,cala
1814,abdominal
1815,pepper
1816,doodles
1817,zebra
1818,teenage
1819,action
1820,binary
1821,emergency
1822,natur
1823,game
1824,background
1825,artist
1826,birthday
1827,footbridge
1828,moscow
1829,invite
1830,asia
1831,architecture
1832,flower
1833,dandelion
1834,point
1835,space
1836,rap
1837,kitchen
1838,spring
1839,hiking
1840,office
1841,kere
1842,FONT
1843,robin
1844,art
1845,nigeria
1846,frog
1847,event
1848,bagel
1849,singapore
1850,mockup
1851,strawberry
1852,couple
1853,beautiful
1854,london
1855,baby
1856,border
1857,Asai
1858,gym
1859,plaid
1860,arts
1861,metal
1862,THEATRE
1863,confident
1864,romance
1865,success
1866,modern
1867,VINTAGE
1868,chocolat
1869,crowd
1870,aquarium
1871,eucalyptus
1872,eucalyptus
1873,page
1874,massachusetts
1875,abstract
1876,table
1877,media
1878,rio
1879,zen
1880,angeles
1881,chocolat
1882,flor
1883,flor
1884,active
1885,background
1886,acción
1887,valentines
1888,mandala
1889,package
1890,hair
1891,love
1892,fox
1893,sleep
1894,canto
1895,school
1896,sky
1897,woman
1898,newborn
1899,wheelchair
1900,brunette
1901,restaurant
1902,hair
1903,alphabet
1904,monk
1905,fuji
1906,dragonfly
1907,art
1908,alarm
1909,inder
1910,background
1911,background
1912,app
1913,standards
1914,logo
1915,building
1916,cook
1917,logo
1918,carpet
1919,carnaval
1920,expert
1921,mapa
1922,fon
1923,apartment
1924,painting
1925,tip
1926,chewing
1927,highway
1928,map
1929,heel
1930,aroma
1931,abstract
1932,tapas
1933,team
1934,plan
1935,abstract
1936,3d
1937,tailor
1938,guava
1939,lion
1940,diversity
1941,burgundy
1942,garden
1943,abstract
1944,baseball
1945,baseball
1946,alphabet
1947,alem
1948,frame
1949,passport
1950,light
1951,slots
1952,surfer
1953,app
1954,Spotlight
1955,ball
1956,girlfriend
1957,Flour
1958,anniversary
1959,rose
1960,holiday
1961,stamp
1962,heart
1963,event
1964,event
1965,background
1966,pattern
1967,fresco
1968,3d
1969,madre
1970,abstract
1971,bel
1972,stripe
1973,Nurse
1974,museo
1975,hand
1976,biblioteca
1977,field
1978,classroom
1979,shirt
1980,forest
1981,portraits
1982,Vase
1983,nutella
1984,help
1985,beauty
1986,brochure
1987,snooker
1988,Gazebo
1989,fish
1990,food
1991,background
1992,tubular
1993,crete
1994,celebrity
1995,fon
1996,3d
1997,abstract
1998,alps
1999,homeless
2000,kid
2001,crossword
2002,seatbelt
2003,hand
2004,kek
2005,pattern
2006,digestive
2007,abc
2008,earth
2009,exotic
2010,starburst
2011,bull
2012,fit
2013,shea
2014,halo
2015,DUDA
2016,massage
2017,rules
2018,translating
2019,postcard
2020,newsprint
2021,couple
2022,neon
2023,japanese
2024,lighter
2025,old
2026,rainbow
2027,antifreeze
2028,fashion
2029,beauty
2030,insurance
2031,agreement
2032,audio
2033,mindset
2034,butterfly
2035,caer
2036,green
2037,icon
2038,cloud
2039,analyzing
2040,carpet
2041,chalk
2042,mountain
2043,censoring
2044,arrow
2045,3d
2046,delivery
2047,arizona
2048,pizza
2049,india
2050,eben
2051,london
2052,fishing
2053,dubai
2054,bmw
2055,pile
2056,abstract
2057,abstract
2058,fish
2059,invitation
2060,jacquard
2061,sweater
2062,news
2063,refinery
2064,arch
2065,day
2066,bebe
2067,boat
2068,courtroom
2069,hijab
2070,technology
2071,voyage
2072,leg
2073,CAR
2074,electricity
2075,brochure
2076,meat
2077,abstract
2078,abstract
2079,film
2080,rosa
2081,shower
2082,cucina
2083,break
2084,gluten
2085,baby
2086,optic
2087,font
2088,croissance
2089,rose
2090,cow
2091,fr
2092,asi
2093,nature
2094,insalata
2095,tired
2096,wedding
2097,wedding
2098,logo
2099,egg
2100,computer
2101,smoke
2102,couple
2103,achievement
2104,plant
2105,logo
2106,logo
2107,Trees
2108,diversity
2109,camisa
2110,orchid
2111,fitness
2112,mom
2113,ribbon
2114,MUSHROOMS
2115,floral
2116,logo
2117,bio
2118,lake
2119,watercolor
2120,roof
2121,shuffleboard
2122,news
2123,leopard
2124,burger
2125,origami
2126,mandala
2127,landmark
2128,Hydroponics
2129,chakra
2130,anniversary
2131,microphone
2132,area
2133,painting
2134,tree
2135,oil
2136,texture
2137,vase
2138,abs
2139,pattern
2140,tea
2141,cafe
2142,ar
2143,wheat
2144,tv
2145,woman
2146,vegas
2147,fashion
2148,gut
2149,8
2150,abstract
2151,science
2152,parent
2153,art
2154,tea
2155,brand
2156,flower
2157,meditation
2158,balance
2159,magazine
2160,brush
2161,postcard
2162,flower
2163,measure
2164,app
2165,architecture
2166,design
2167,analytics
2168,abstract
2169,alphabet
2170,sleep
2171,accessory
2172,vow
2173,ship
2174,oil
2175,text
2176,ls
2177,alphabet
2178,Nest
2179,agriculture
2180,yoga
2181,valentine
2182,wood
2183,notepads
2184,icons
2185,arabesque
2186,space
2187,shapes
2188,centro
2189,cover
2190,grass
2191,nasi
2192,bulldogs
2193,plexus
2194,swirl
2195,ted
2196,buzzer
2197,elevator
2198,smoothie
2199,tenancy
2200,fission
2201,automation
2202,clock
2203,character
2204,baby
2205,icon
2206,camera
2207,animal
2208,certificate
2209,disco
2210,hawker
2211,persian
2212,music
2213,flight
2214,account
2215,droite
2216,clear
2217,tail
2218,globe
2219,friday
2220,rug
2221,adventure
2222,news
2223,lente
2224,rose
2225,ipad
2226,apple
2227,comic
2228,cat
2229,lecture
2230,sunglass
2231,skin
2232,breakfast
2233,student
2234,watercolor
2235,entreprise
2236,sticker
2237,charles
2238,app
2239,rfid
2240,CABBAGE
2241,farmer
2242,smoky
2243,agricultures
2244,leadership
2245,auto
2246,auto
2247,catwalk
2248,catwalk
2249,phone
2250,black
2251,card
2252,techo
2253,japanese
2254,india
2255,combine
2256,products
2257,eviction
2258,calor
2259,asian
2260,economy
2261,coffee
2262,floral
2263,rose
2264,dunya
2265,age
2266,discrimination
2267,apple
2268,paintings
2269,earth
2270,money
2271,recruit
2272,thinking
2273,exclamation
2274,light
2275,journey
2276,privacy
2277,princess
2278,usa
2279,black
2280,ingles
2281,travel
2282,autism
2283,font
2284,font
2285,tree
2286,valentine
2287,caduceus
2288,steak
2289,mart
2290,abstract
2291,earth
2292,earth
2293,woman
2294,woman
2295,dinero
2296,boca
2297,lebanese
2298,grain
2299,healthy
2300,indian
2301,jour
2302,frau
2303,beach
2304,body
2305,apricots
2306,juice
2307,auto
2308,ankara
2309,cogs
2310,art
2311,blank
2312,unicorn
2313,logo
2314,lies
2315,animal
2316,satin
2317,organizing
2318,marilyn
2319,template
2320,lake
2321,rust
2322,salon
2323,bookshelf
2324,acropolis
2325,car
2326,infrastructure
2327,hotel
2328,teen
2329,fon
2330,valentine
2331,aversion
2332,math
2333,pattern
2334,3d
2335,on
2336,comic
2337,woman
2338,newspaper
2339,cucumber
2340,cosmetic
2341,adj
2342,school
2343,laser
2344,storage
2345,answer
2346,divan
2347,nougat
2348,cream
2349,machine
2350,million
2351,dinosaur
2352,tips
2353,sufi
2354,sufi
2355,party
2356,seamless
2357,active
2358,vegetable
2359,indian
2360,indian
2361,mountain
2362,bubble
2363,freezer
2364,cow
2365,fon
2366,mandala
2367,flood
2368,hund
2369,lapa
2370,face
2371,Casablanca
2372,pencil
2373,patch
2374,madrid
2375,pattern
2376,3d
2377,black
2378,centro
2379,pattern
2380,internet
2381,police
2382,glitter
2383,pattern
2384,kid
2385,icon
2386,architecture
2387,leaf
2388,icon
2389,pig
2390,icon
2391,alone
2392,childcare
2393,cake
2394,日本
2395,水
2396,moda
2397,softener
2398,adventure
2399,pattern
2400,pattern
2401,stroke
2402,light
2403,luxury
2404,jersey
2405,illustration
2406,chain
2407,stress
2408,unlimited
2409,man
2410,solution
2411,花
2412,giraffe
2413,sound
2414,giraffe
2415,background
2416,rooster
2417,brazil
2418,background
2419,bikini
2420,exhausted
2421,dinosaur
2422,room
2423,skyline
2424,computer
2425,watercolor
2426,erp
2427,hair
2428,abstract
2429,monitor
2430,card
2431,c
2432,design
2433,vintage
2434,menu
2435,scarf
2436,character
2437,design
2438,holi
2439,cupcake
2440,sunset
2441,music
2442,brush
2443,3d
2444,confetti
2445,lion
2446,elliptical
2447,jakarta
2448,lampshade
2449,cross
2450,whale
2451,template
2452,banka
2453,woman
2454,jar
2455,dengue
2456,smoothies
2457,background
2458,background
2459,bengali
2460,8
2461,premium
2462,carnival
2463,atelier
2464,secret
2465,analytics
2466,black
2467,lina
2468,orlando
2469,boat
2470,india
2471,icon
2472,table
2473,energy
2474,vector
2475,game
2476,tropical
2477,note
2478,template
2479,Sportwear
2480,doctor
2481,colon
2482,medicaments
2483,binoculars
2484,family
2485,shirt
2486,data
2487,frite
2488,usa
2489,iphone
2490,Tinder
2491,criminal
2492,emergency
2493,business
2494,face
2495,office
2496,san
2497,palabra
2498,map
2499,review
2500,baby
2501,pera
2502,abstract
2503,stamp
2504,auto
2505,washington
2506,id
2507,chess
2508,studio
2509,creative
2510,icon
2511,mayo
2512,icon
2513,building
2514,auto
2515,home
2516,run
2517,falafel
2518,red
2519,Feathers
2520,workshop
2521,2
2522,Kefalos
2523,chinese
2524,background
2525,eyeglasses
2526,girl
2527,chatbot
2528,shape
2529,barcode
2530,party
2531,active
2532,economic
2533,cartoon
2534,grass
2535,white
2536,书
2537,test
2538,envelope
2539,flower
2540,college
2541,strawberry
2542,worker
2543,marriage
2544,aroma
2545,yoga
2546,brick
2547,TRAVEL
2548,valley
2549,healthcare
2550,sew
2551,orange
2552,fingerprint
2553,lethargy
2554,microgreen
2555,coiffeur
2556,roses
2557,teacher
2558,habits
2559,box
2560,spring
2561,bar
2562,grill
2563,Giresun
2564,construction
2565,plumeria
2566,aloha
2567,Nepal
2568,grandmother
2569,fit
2570,table
2571,almond
2572,purchase
2573,Urology
2574,april
2575,ally
2576,turmeric
2577,repair
2578,pedestrian
2579,puzzle
2580,dragonfly
2581,unicorn
2582,cayman
2583,blowing
2584,ski
2585,logo
2586,electricity
2587,beaker
2588,penguin
2589,dark
2590,skunk
2591,adventure
2592,bike
2593,frame
2594,frame
2595,bathroom
2596,kiss
2597,frame
2598,painting
2599,wheelchair
2600,sd
2601,gutters
2602,hexagon
2603,day
2604,symbol
2605,adult
2606,raccoon
2607,art
2608,tie
2609,kindness
2610,social
2611,lunch
2612,aankondiging
2613,art
2614,action
2615,stream
2616,family
2617,grill
2618,shiv
2619,afro
2620,school
2621,race
2622,enterprise
2623,volleyball
2624,music
2625,ancient
2626,bank
2627,retro
2628,circle
2629,half
2630,envelope
2631,milan
2632,menu
2633,roulette
2634,truck
2635,trampoline
2636,circle
2637,circle
2638,tennis
2639,collage
2640,blue
2641,logo
2642,sauce
2643,krishna
2644,business
2645,face
2646,equipe
2647,georgia
2648,food
2649,food
2650,toy
2651,background
2652,3d
2653,power
2654,lime
2655,panorama
2656,employees
2657,branch
2658,switzerland
2659,blackberry
2660,pattern
2661,dancing
2662,constipation
2663,biryani
2664,map
2665,bak
2666,cucumbers
2667,Pharma
2668,incense
2669,tea
2670,jungle
2671,diversity
2672,food
2673,skyline
2674,technology
2675,fall
2676,guitar
2677,abra
2678,firework
2679,confused
2680,americana
2681,christmas
2682,adult
2683,pencil
2684,flower
2685,canto
2686,logo
2687,easter
2688,form
2689,icons
2690,weight
2691,CEREC
2692,frame
2693,jersey
2694,watermelon
2695,salmonella
2696,party
2697,wig
2698,texture
2699,city
2700,turkey
2701,background
2702,yoga
2703,pattern
2704,record
2705,farmer
2706,bamboo
2707,thumb
2708,adorable
2709,pasta
2710,carp
2711,editorial
2712,botox
2713,day
2714,crocus
2715,expression
2716,just
2717,carnaval
2718,owner
2719,spa
2720,background
2721,strawberry
2722,kids
2723,nurse
2724,cloud
2725,flower
2726,startup
2727,remodeling
2728,8
2729,algorithm
2730,sale
2731,cricket
2732,heater
2733,topography
2734,confetti
2735,new
2736,seal
2737,andar
2738,cricket
2739,punk
2740,mobile
2741,Thailand
2742,footprint
2743,character
2744,3d
2745,hummer
2746,advent
2747,birthday
2748,line
2749,chicken
2750,floor
2751,facebook
2752,hawaiian
2753,peony
2754,tennis
2755,african
2756,Technology
2757,light
2758,headphone
2759,headphone
2760,bride
2761,tachometer
2762,award
2763,background
2764,pizza
2765,laboratory
2766,pot
2767,biology
2768,heart
2769,lymph
2770,font
2771,win
2772,Estampas
2773,beer
2774,wall
2775,virtual
2776,bomba
2777,relax
2778,relax
2779,islam
2780,pattern
2781,pattern
2782,ai
2783,hexagon
2784,jalapeño
2785,winner
2786,china
2787,valentine
2788,pink
2789,al
2790,snowmobile
2791,love
2792,ship
2793,emotion
2794,pattern
2795,daughter
2796,buttons
2797,line
2798,cap
2799,desk
2800,bosque
2801,grammar
2802,grammar
2803,teenager
2804,sturm
2805,family
2806,blockade
2807,atlanta
2808,alternative
2809,people
2810,man
2811,house
2812,school
2813,green
2814,compare
2815,sls
2816,crowd
2817,tree
2818,payment
2819,bar
2820,trust
2821,singapore
2822,latinas
2823,simplify
2824,elderly
2825,alignment
2826,lion
2827,jar
2828,pasta
2829,turntable
2830,mandala
2831,abstract
2832,palace
2833,Delivery
2834,cctv
2835,Bollywood
2836,cloud
2837,calendar
2838,banner
2839,artwork
2840,background
2841,cost
2842,white
2843,flower
2844,flower
2845,dallas
2846,animal
2847,animal
2848,crazy
2849,timeline
2850,butterfly
2851,woman
2852,woman
2853,caduceus
2854,abstract
2855,highway
2856,flor
2857,advertise
2858,graffiti
2859,trace
2860,bockwurst
2861,background
2862,water
2863,format
2864,cycle
2865,icon
2866,icon
2867,kid
2868,lego
2869,idol
2870,8
2871,underground
2872,bed
2873,craft
2874,portrait
2875,compass
2876,digital
2877,meat
2878,flower
2879,boda
2880,design
2881,bomber
2882,naan
2883,abstract
2884,envelope
2885,ghost
2886,table
2887,abstract
2888,bebe
2889,bebe
2890,bebe
2891,air
2892,fish
2893,samurai
2894,airplane
2895,ponencia
2896,skyline
2897,hamsa
2898,car
2899,seamless
2900,indian
2901,philippine
2902,princess
2903,number
2904,auto
2905,REFLECTION
2906,love
2907,advertising
2908,chia
2909,laptop
2910,analysis
2911,smoke
2912,captain
2913,mulberry
2914,start
2915,carta
2916,ingredient
2917,bebe
2918,appetizing
2919,appetizing
2920,eyeliner
2921,cupid
2922,country
2923,chair
2924,fon
2925,font
2926,carnaval
2927,aberdeen
2928,circle
2929,medicina
2930,mold
2931,milk
2932,candle
2933,ballon
2934,clipart
2935,target
2936,cakes
2937,pattern
2938,drawn
2939,qr
2940,niña
2941,office
2942,mère
2943,serv
2944,accessory
2945,abstract
2946,bg
2947,milk
2948,basketball
2949,pain
2950,pet
2951,beach
2952,print
2953,bruschetta
2954,adult
2955,adult
2956,adult
2957,icon
2958,snowflake
2959,megaphone
2960,ancient
2961,SPLASH
2962,camouflage
2963,cv
2964,man
2965,wafers
2966,america
2967,venezuela
2968,hospital
2969,apparel
2970,falcon
2971,champion
2972,logos
2973,andromeda
2974,eating
2975,animal
2976,acid
2977,europa
2978,experiment
2979,brain
2980,certificate
2981,compliance
2982,kamut
2983,african
2984,blossom
2985,guitar
2986,deer
2987,red
2988,bubbles
2989,forester
2990,panchami
2991,wet
2992,laser
2993,syria
2994,travel
2995,mockup
2996,abstract
2997,couch
2998,japanese
2999,cricket
3000,agriculture
3001,adult
3002,hoody
3003,offer
3004,car
3005,away
3006,robot
3007,christmas
3008,shutter
3009,apply
3010,parent
3011,sandwich
3012,background
3013,mickey
3014,lazier
3015,ui
3016,kid
3017,kid
3018,puff
3019,stove
3020,acrylic
3021,can
3022,queen
3023,sky
3024,adult
3025,store
3026,Ende
3027,transformer
3028,adult
3029,mosque
3030,mexican
3031,lega
3032,entertainment
3033,boda
3034,date
3035,flu
3036,student
3037,auto
3038,award
3039,trophy
3040,hand
3041,embroidery
3042,map
3043,city
3044,dot
3045,shop
3046,graffiti
3047,diy
3048,icon
3049,icon
3050,anniversary
3051,sunglasses
3052,art
3053,food
3054,australia
3055,gateau
3056,portland
3057,glasses
3058,pop
3059,cake
3060,new
3061,software
3062,form
3063,abandoned
3064,design
3065,donar
3066,office
3067,box
3068,kid
3069,madre
3070,bato
3071,l
3072,wedding
3073,clipboard
3074,flower
3075,skull
3076,sky
3077,mir
3078,croissant
3079,3d
3080,3d
3081,3d
3082,curlers
3083,barrel
3084,crazy
3085,interior
3086,carta
3087,Dolphin
3088,fon
3089,freedom
3090,islam
3091,action
3092,mts
3093,background
3094,rose
3095,album
3096,tren
3097,cucumber
3098,party
3099,high
3100,parti
3101,parti
3102,claro
3103,horse
3104,kgb
3105,cuisine
3106,leather
3107,backdrop
3108,influencer
3109,flower
3110,vancouver
3111,caballero
3112,design
3113,lavender
3114,teeth
3115,horizon
3116,pirate
3117,lama
3118,caribbean
3119,app
3120,man
3121,pregnant
3122,background
3123,alice
3124,pattern
3125,action
3126,shoe
3127,art
3128,finance
3129,floral
3130,rangoli
3131,card
3132,churros
3133,mountain
3134,mexican
3135,natural
3136,technik
3137,oil
3138,3d
3139,cap
3140,skin
3141,broccoli
3142,youth
3143,garage
3144,running
3145,akita
3146,icon
3147,bed
3148,runner
3149,3d
3150,3d
3151,nervous
3152,abc
3153,dog
3154,futbol
3155,kitten
3156,birthday
3157,strokes
3158,african
3159,bean
3160,clown
3161,hydrant
3162,familiar
3163,color
3164,zine
3165,amsterdam
3166,accident
3167,food
3168,3d
3169,brick
3170,onda
3171,adult
3172,geometric
3173,above
3174,owl
3175,funny
3176,animals
3177,city
3178,medical
3179,background
3180,background
3181,product
3182,fridge
3183,breakfast
3184,surgery
3185,day
3186,security
3187,medical
3188,advertise
3189,curtain
3190,texture
3191,heart
3192,carnival
3193,abort
3194,black
3195,SCIENCE
3196,architecture
3197,raven
3198,flowers
3199,alignment
3200,arrangement
3201,adj
3202,exercise
3203,healthcare
3204,gear
3205,girl
3206,crianza
3207,crianza
3208,productivity
3209,prune
3210,building
3211,catamaran
3212,woman
3213,tent
3214,couple
3215,seashell
3216,calendar
3217,exposition
3218,fitness
3219,allure
3220,monitor
3221,alumna
3222,gesundheit
3223,abstract
3224,canada
3225,poker
3226,arabe
3227,mango
3228,found
3229,achievement
3230,mice
3231,alar
3232,blur
3233,splash
3234,apricot
3235,dementia
3236,nut
3237,3d
3238,aerial
3239,dinner
3240,president
3241,lipstick
3242,concept
3243,business
3244,3d
3245,3d
3246,farm
3247,atoll
3248,furniture
3249,home
3250,harley
3251,heart
3252,heart
3253,drywall
3254,black
3255,woman
3256,robot
3257,uv
3258,tecnologia
3259,trip
3260,anxiety
3261,dubai
3262,geography
3263,brazil
3264,thailand
3265,military
3266,christmas
3267,3d
3268,bottles
3269,secreto
3270,circle
3271,cabbage
3272,laptop
3273,email
3274,paper
3275,background
3276,tree
3277,driver
3278,FERRY
3279,road
3280,body
3281,cricket
3282,eating
3283,side
3284,abstract
3285,music
3286,abstract
3287,geometric
3288,bathroom
3289,card
3290,stray
3291,mojarra
3292,blood
3293,geometrical
3294,fish
3295,treasure
3296,forrest
3297,art
3298,face
3299,face
3300,hamper
3301,hatter
3302,flor
3303,apartment
3304,background
3305,first
3306,sport
3307,q
3308,bag
3309,office
3310,vector
3311,valentine
3312,paris
3313,contact
3314,togheter
3315,balloon
3316,doctor
3317,accessory
3318,flag
3319,presentation
3320,fall
3321,usa
3322,apart
3323,poster
3324,cartoon
3325,ancient
3326,business
3327,fruit
3328,temple
3329,day
3330,bell
3331,hangers
3332,brasil
3333,arte
3334,arte
3335,carrot
3336,arab
3337,victo
3338,american
3339,travel
3340,manicure
3341,abstract
3342,wave
3343,ball
3344,wood
3345,car
3346,fon
3347,brochure
3348,brochure
3349,bandera
3350,hand
3351,napkin
3352,ladder
3353,electric
3354,model
3355,water
3356,paper
3357,ant
3358,fee
3359,Meat
3360,lianas
3361,delta
3362,drive
3363,dentist
3364,vs
3365,ancient
3366,fitness
3367,establishment
3368,advertise
3369,cotton
3370,interior
3371,run
3372,solution
3373,plumber
3374,app
3375,puzzle
3376,3d
3377,background
3378,car
3379,automation
3380,energy
3381,appetizing
3382,storm
3383,paper
3384,print
3385,adult
3386,familia
3387,adorable
3388,african
3389,melting
3390,design
3391,abstract
3392,drawing
3393,wood
3394,tree
3395,Oma
3396,skin
3397,room
3398,powder
3399,Last
3400,milky
3401,illustration
3402,cucumber
3403,laptop
3404,flamingo
3405,beautiful
3406,ethics
3407,academic
3408,scholarship
3409,abstract
3410,animal
3411,k
3412,travel
3413,shirt
3414,apartment
3415,道
3416,satay
3417,parc
3418,bola
3419,km
3420,friendship
3421,familiar
3422,rosa
3423,armageddon
3424,rede
3425,koh
3426,garden
3427,transportation
3428,gift
3429,tv
3430,dead
3431,empty
3432,feather
3433,word
3434,Monk
3435,video
3436,premiere
3437,baseball
3438,abstract
3439,dot
3440,moda
3441,mandala
3442,chocolate
3443,hipster
3444,mermaid
3445,ten
3446,appearance
3447,communicate
3448,accessories
3449,workers
3450,global
3451,black
3452,students
3453,improve
3454,amber
3455,tree
3456,woman
3457,beautiful
3458,calendar
3459,aged
3460,abstract
3461,shop
3462,calendar
3463,cotton
3464,strawberry
3465,fire
3466,tractor
3467,mosquito
3468,testimonials
3469,future
3470,watercolor
3471,beach
3472,ese
3473,office
3474,mickey
3475,computer
3476,istanbul
3477,minimal
3478,happy
3479,abstract
3480,frame
3481,banana
3482,kitchen
3483,madeira
3484,background
3485,museum
3486,furniture
3487,CARNIVAL
3488,american
3489,activity
3490,shanghai
3491,orienteering
3492,sausage
3493,brooch
3494,flag
3495,tv
3496,sinus
3497,Headsets
3498,fresno
3499,nadu
3500,playa
3501,devon
3502,chill
3503,information
3504,bayan
3505,endodontic
3506,balloon
3507,robot
3508,family
3509,bubblegum
3510,background
3511,abstract
3512,safety
3513,illustration
3514,dia
3515,floral
3516,bear
3517,hacker
3518,anchovies
3519,roz
3520,business
3521,cotton
3522,DOCUMENTS
3523,background
3524,background
3525,buddha
3526,thailand
3527,poster
3528,flowers
3529,familia
3530,iceland
3531,tree
3532,animal
3533,dark
3534,mountains
3535,pink
3536,plane
3537,book
3538,a4
3539,bebe
3540,equipe
3541,fon
3542,dot
3543,plaid
3544,young
3545,los
3546,abstract
3547,aa
3548,pizza
3549,chocolate
3550,health
3551,tattoo
3552,police
3553,peta
3554,europa
3555,boxing
3556,background
3557,fashion
3558,sleep
3559,typography
3560,curls
3561,wedding
3562,indians
3563,chain
3564,painting
3565,hahaha
3566,salon
3567,conference
3568,diary
3569,music
3570,sport
3571,greece
3572,cheerleader
3573,eco
3574,slub
3575,exit
3576,logo
3577,academia
3578,grain
3579,cow
3580,Saumon
3581,interior
3582,interior
3583,test
3584,wood
3585,boston
3586,storyboard
3587,s
3588,beach
3589,nose
3590,arte
3591,angel
3592,family
3593,analytics
3594,heart
3595,steak
3596,baum
3597,heart
3598,heart
3599,park
3600,link
3601,groceries
3602,monogram
3603,art
3604,eye
3605,targa
3606,recognition
3607,bowl
3608,bodybuilder
3609,bebe
3610,hospital
3611,A
3612,bra
3613,cell
3614,basketball
3615,Business
3616,FASHION
3617,baptism
3618,americano
3619,ipad
3620,abstract
3621,wing
3622,spiral
3623,boxing
3624,spirited
3625,baseball
3626,popup
3627,chef
3628,paper
3629,par
3630,chamomile
3631,deco
3632,phone
3633,contract
3634,moth
3635,construction
3636,maze
3637,drink
3638,concrete
3639,saudi
3640,worker
3641,art
3642,movement
3643,palm
3644,windmill
3645,protea
3646,architecture
3647,dollar
3648,bachata
3649,sunset
3650,2
3651,2
3652,flower
3653,adorable
3654,bear
3655,sale
3656,ai
3657,icon
3658,man
3659,digital
3660,slide
3661,futbol
3662,online
3663,candy
3664,gorilla
3665,aubergine
3666,holiday
3667,coffee
3668,score
3669,diamond
3670,sunset
3671,paisley
3672,can
3673,asian
3674,old
3675,hourglass
3676,deco
3677,advertising
3678,flash
3679,Santorini
3680,hair
3681,landscape
3682,cypress
3683,mouse
3684,poster
3685,gradient
3686,vegetables
3687,amsterdam
3688,iot
3689,bartender
3690,shelf
3691,community
3692,email
3693,icon
3694,ice
3695,frame
3696,pistachio
3697,antecedents
3698,TREASURE
3699,vision
3700,fon
3701,coin
3702,brain
3703,money
3704,talk
3705,parmesan
3706,burnout
3707,game
3708,africa
3709,military
3710,wolf
3711,background
3712,woman
3713,happy
3714,banner
3715,abstract
3716,Staphylococcus
3717,hotel
3718,circle
3719,pattern
3720,yoga
3721,eye
3722,kitchen
3723,fit
3724,home
3725,abstract
3726,artwork
3727,pregnant
3728,tech
3729,suspenders
3730,spa
3731,farmer
3732,carga
3733,invigoration
3734,lawn
3735,car
3736,mermaid
3737,monochrome
3738,copyright
3739,shop
3740,coffee
3741,melted
3742,badass
3743,feet
3744,dermatology
3745,cnbc
3746,footwear
3747,serum
3748,architecture
3749,Nougat
3750,abstract
3751,file
3752,title
3753,fior
3754,teacher
3755,chilli
3756,ship
3757,adult
3758,adult
3759,splash
3760,hike
3761,love
3762,brunch
3763,moon
3764,appetizer
3765,jewels
3766,business
3767,abstract
3768,logo
3769,snake
3770,butter
3771,friends
3772,cute
3773,jar
3774,pepper
3775,news
3776,blue
3777,mundi
3778,banner
3779,family
3780,map
3781,haya
3782,superhero
3783,condo
3784,sunflower
3785,event
3786,spine
3787,formation
3788,brainstorm
3789,holding
3790,decor
3791,ginger
3792,coupons
3793,analyze
3794,trash
3795,crowd
3796,antenna
3797,dice
3798,christmas
3799,investment
3800,kid
3801,valentine
3802,arrogance
3803,nature
3804,devices
3805,cake
3806,wonton
3807,active
3808,car
3809,shatter
3810,mobile
3811,wedding
3812,beach
3813,beach
3814,hand
3815,fisherman
3816,couple
3817,food
3818,marble
3819,meeting
3820,steel
3821,chinese
3822,galaxy
3823,body
3824,cactus
3825,pimples
3826,pomegranate
3827,graffiti
3828,icon
3829,activity
3830,孩子
3831,arte
3832,wind
3833,dusk
3834,egypt
3835,quote
3836,globe
3837,compliance
3838,Sex
3839,birthday
3840,legs
3841,voucher
3842,marble
3843,gâteau
3844,kidney
3845,ancient
3846,booth
3847,valentine
3848,capa
3849,breakfast
3850,3d
3851,doctor
3852,background
3853,bola
3854,spa
3855,domaine
3856,truck
3857,watercolor
3858,car
3859,picnic
3860,architecture
3861,THEATER
3862,mouse
3863,confetti
3864,adult
3865,rugs
3866,sustainable
3867,corruption
3868,art
3869,jazz
3870,winter
3871,wine
3872,hello
3873,desert
3874,summer
3875,asian
3876,asian
3877,room
3878,room
3879,room
3880,room
3881,blackboard
3882,disney
3883,medical
3884,costar
3885,Dog
3886,soup
3887,diver
3888,lily
3889,3d
3890,intestine
3891,chambre
3892,handsome
3893,hiring
3894,screen
3895,oxycodone
3896,popcorn
3897,assorted
3898,abstract
3899,papel
3900,namkeen
3901,forest
3902,strawberry
3903,electronic
3904,minerals
3905,classroom
3906,unicorn
3907,aquapark
3908,student
3909,above
3910,nouveau
3911,industria
3912,crash
3913,beauty
3914,poor
3915,background
3916,data
3917,hop
3918,celebrity
3919,hero
3920,auto
3921,llama
3922,texture
3923,accessories
3924,vacation
3925,roman
3926,tiger
3927,abstract
3928,3d
3929,3d
3930,lime
3931,flatbed
3932,penguin
3933,peaceful
3934,kus
3935,beach
3936,baby
3937,salt
3938,work
3939,premenstrual
3940,shutter
3941,shutter
3942,shutter
3943,hotel
3944,lilly
3945,world
3946,fon
3947,chalupa
3948,electrónico
3949,sofa
3950,indian
3951,arrows
3952,uvula
3953,baby
3954,table
3955,paar
3956,library
3957,risk
3958,calculus
3959,saudi
3960,happy
3961,hindi
3962,african
3963,partridge
3964,tiger
3965,restaurant
3966,food
3967,agenda
3968,city
3969,musica
3970,train
3971,white
3972,hand
3973,foliage
3974,isometric
3975,baby
3976,chocolate
3977,ache
3978,ping
3979,3d
3980,pomegranate
3981,furniture
3982,playa
3983,gallo
3984,calcium
3985,drainage
3986,dancer
3987,patio
3988,template
3989,template
3990,template
3991,policing
3992,amazing
3993,beer
3994,fon
3995,grafitti
3996,business
3997,calle
3998,factory
3999,hippo
4000,corn
4001,autumn
4002,background
4003,asian
4004,gas
4005,vector
4006,wires
4007,family
4008,snow
4009,portland
4010,banner
4011,appetizer
4012,knit
4013,balloon
4014,3d
4015,nurse
4016,god
4017,bath
4018,adviser
4019,robot
4020,mockup
4021,arrow
4022,supply
4023,dulha
4024,indian
4025,dna
4026,exit
4027,play
4028,correct
4029,cricket
4030,pizzaiolo
4031,buddy
4032,watercolor
4033,watercolor
4034,success
4035,scrapbook
4036,sistem
4037,car
4038,adult
4039,ecuador
4040,flamingo
4041,splash
4042,register
4043,virgo
4044,book
4045,youtube
4046,horse
4047,bier
4048,aurum
4049,tooth
4050,bedpan
4051,food
4052,waze
4053,family
4054,baobab
4055,service
4056,finger
4057,halftone
4058,cashier
4059,easter
4060,art
4061,billboard
4062,abstract
4063,beach
4064,course
4065,adult
4066,rak
4067,grandparent
4068,hungry
4069,amore
4070,school
4071,olympic
4072,zen
4073,jungle
4074,isometric
4075,survey
4076,woman
4077,gas
4078,abstract
4079,amber
4080,basketball
4081,art
4082,brush
4083,kid
4084,blackboard
4085,social
4086,code
4087,lake
4088,abstract
4089,balloon
4090,bus
4091,3d
4092,3d
4093,cookie
4094,chess
4095,mother
4096,virtual
4097,stadium
4098,award
4099,reflexion
4100,face
4101,twins
4102,pastel
4103,london
4104,orange
4105,climb
4106,wedding
4107,hacker
4108,leaf
4109,orlando
4110,iso
4111,concealer
4112,Ram
4113,image
4114,template
4115,icons
4116,presentation
4117,papel
4118,AG
4119,BP
4120,benzoin
4121,mandala
4122,family
4123,baloon
4124,logo
4125,dorado
4126,LUNCH
4127,trophy
4128,auto
4129,auto
4130,abstract
4131,hockey
4132,ketchup
4133,supermarket
4134,entrepreneurs
4135,factory
4136,radish
4137,woman
4138,constructor
4139,fon
4140,circle
4141,icon
4142,demanda
4143,teacher
4144,apartment
4145,tree
4146,flat
4147,shop
4148,linkedin
4149,vino
4150,band
4151,logo
4152,city
4153,pool
4154,bathroom
4155,wax
4156,museum
4157,milan
4158,bar
4159,content
4160,flower
4161,flower
4162,flower
4163,day
4164,pattern
4165,asparagus
4166,beans
4167,auto
4168,3d
4169,store
4170,aba
4171,lion
4172,window
4173,overall
4174,purple
4175,save
4176,hospital
4177,model
4178,boxer
4179,abrasive
4180,caterpillar
4181,meditation
4182,crow
4183,window
4184,Cheerleader
4185,man
4186,stronger
4187,electrical
4188,biryani
4189,armed
4190,report
4191,batik
4192,board
4193,white
4194,leather
4195,serv
4196,movie
4197,camera
4198,arrow
4199,pine
4200,indonesia
4201,indian
4202,abstract
4203,asia
4204,dropper
4205,frame
4206,flower
4207,callout
4208,baby
4209,character
4210,family
4211,star
4212,indian
4213,indian
4214,overdose
4215,varsity
4216,sommer
4217,running
4218,game
4219,background
4220,game
4221,accident
4222,character
4223,wallpaper
4224,connections
4225,running
4226,industria
4227,dosa
4228,math
4229,balloon
4230,effect
4231,8
4232,lawn
4233,timeline
4234,vector
4235,fairy
4236,vector
4237,vector
4238,asphalt
4239,informatiques
4240,cream
4241,loan
4242,india
4243,caf
4244,chimney
4245,dentist
4246,dirty
4247,quotes
4248,album
4249,vector
4250,face
4251,data
4252,office
4253,garage
4254,attractive
4255,wood
4256,gente
4257,agricultural
4258,box
4259,logos
4260,exterior
4261,Polynesian
4262,couple
4263,Skulls
4264,mockup
4265,strawberry
4266,3d
4267,acrylic
4268,luna
4269,fon
4270,above
4271,paris
4272,cartoon
4273,ufo
4274,ufo
4275,chef
4276,action
4277,fon
4278,abstract
4279,snow
4280,train
4281,building
4282,art
4283,car
4284,dia
4285,plane
4286,animal
4287,muscle
4288,coffee
4289,protect
4290,strawberry
4291,office
4292,pizza
4293,gym
4294,boxing
4295,fling
4296,spanish
4297,heart
4298,heart
4299,design
4300,art
4301,dich
4302,future
4303,telomere
4304,leverage
4305,pig
4306,PRICES
4307,animal
4308,champagne
4309,elephant
4310,text
4311,mar
4312,robot
4313,acai
4314,park
4315,houston
4316,saudi
4317,saudi
4318,business
4319,anemone
4320,supercomputer
4321,ende
4322,peacock
4323,pickle
4324,decision
4325,stout
4326,Geometry
4327,tag
4328,tag
4329,design
4330,camisa
4331,black
4332,kitchen
4333,technology
4334,dessert
4335,flower
4336,flower
4337,sky
4338,adult
4339,3d
4340,forest
4341,presenter
4342,appetizing
4343,children
4344,aliment
4345,Sale
4346,女性
4347,chill
4348,pier
4349,summer
4350,plan
4351,working
4352,gluten
4353,notebook
4354,egg
4355,fashion
4356,adult
4357,coffe
4358,advertising
4359,mariposa
4360,copywriter
4361,book
4362,space
4363,washington
4364,apple
4365,toxic
4366,white
4367,skateboard
4368,day
4369,airbus
4370,flyer
4371,business
4372,research
4373,J
4374,insurance
4375,fon
4376,glass
4377,aggression
4378,icons
4379,ethiopia
4380,city
4381,design
4382,collagen
4383,plantilla
4384,frau
4385,bbq
4386,letterhead
4387,shoe
4388,old
4389,car
4390,asia
4391,jewelry
4392,educate
4393,america
4394,activity
4395,certification
4396,tag
4397,cheers
4398,necklace
4399,beer
4400,abstract
4401,toy
4402,korea
4403,Bourges
4404,puppy
4405,puppy
4406,advertise
4407,muslim
4408,patterns
4409,poem
4410,computer
4411,bowl
4412,abstract
4413,attractive
4414,flame
4415,chamomile
4416,poing
4417,cost
4418,LOGO
4419,stone
4420,annie
4421,valentine
4422,caddy
4423,cereal
4424,rex
4425,atleta
4426,boda
4427,community
4428,Japan
4429,banners
4430,automation
4431,mango
4432,Bohol
4433,iglesia
4434,abode
4435,poor
4436,suit
4437,black
4438,abstract
4439,dirty
4440,aerosol
4441,home
4442,ear
4443,fries
4444,abstract
4445,background
4446,can
4447,ama
4448,abstract
4449,pantry
4450,interior
4451,transform
4452,interest
4453,fon
4454,brewery
4455,black
4456,apartment
4457,hepatocyte
4458,effervescent
4459,house
4460,asia
4461,range
4462,iphone
4463,dachshund
4464,GUATEMALA
4465,bmw
4466,natural
4467,home
4468,home
4469,test
4470,photography
4471,autonomy
4472,kitchen
4473,olympic
4474,model
4475,sea
4476,Valentine
4477,background
4478,winery
4479,observe
4480,palm
4481,blank
4482,service
4483,scroll
4484,videos
4485,medical
4486,Paprika
4487,zee
4488,automotive
4489,hunt
4490,istanbul
4491,popcorn
4492,collage
4493,alzheimer
4494,certificate
4495,coffee
4496,skin
4497,love
4498,label
4499,investissement
4500,hong
4501,familia
4502,spa
4503,painting
4504,color
4505,hunter
4506,trout
4507,mango
4508,ankle
4509,steak
4510,application
4511,amour
4512,sex
4513,gift
4514,minim
4515,woman
4516,papel
4517,sorting
4518,wood
4519,book
4520,lip
4521,cranial
4522,mannequin
4523,yawn
4524,angel
4525,mango
4526,hammock
4527,full
4528,digital
4529,oreo
4530,Egypt
4531,hasta
4532,intestinal
4533,boda
4534,chatbot
4535,computer
4536,salon
4537,vitesse
4538,3d
4539,terrorist
4540,files
4541,violin
4542,dream
4543,beauty
4544,new
4545,editorial
4546,rose
4547,share
4548,water
4549,logo
4550,cocktail
4551,logo
4552,conforme
4553,addiction
4554,art
4555,beauty
4556,beauty
4557,glass
4558,communication
4559,coach
4560,trunk
4561,car
4562,suitcase
4563,COUPLE
4564,prize
4565,cowboy
4566,abstract
4567,labor
4568,rooster
4569,action
4570,tatoo
4571,bear
4572,pram
4573,beach
4574,entrepreneur
4575,calendar
4576,soybean
4577,fiber
4578,corn
4579,tail
4580,room
4581,actress
4582,rak
4583,gem
4584,bosque
4585,always
4586,helicopters
4587,telemedicine
4588,doodle
4589,camisa
4590,casa
4591,agriculture
4592,marbling
4593,antecedents
4594,shirt
4595,flor
4596,football
4597,career
4598,constructor
4599,valentine
4600,amour
4601,alcohol
4602,familia
4603,staff
4604,menu
4605,pattern
4606,caer
4607,abbreviation
4608,abbreviation
4609,flamingo
4610,plaid
4611,花
4612,money
4613,wall
4614,marinate
4615,antecedents
4616,customer
4617,logistic
4618,malaysia
4619,affaire
4620,active
4621,isometric
4622,bottle
4623,robot
4624,paint
4625,denim
4626,digital
4627,spatula
4628,forest
4629,star
4630,moda
4631,expressive
4632,hvac
4633,attention
4634,bank
4635,violet
4636,gold
4637,children
4638,illustration
4639,character
4640,val
4641,arm
4642,medicines
4643,font
4644,bubble
4645,bari
4646,affectionate
4647,news
4648,matrix
4649,spaghetti
4650,arab
4651,occupation
4652,sail
4653,debt
4654,job
4655,flower
4656,social
4657,paris
4658,ribbon
4659,ribbon
4660,arts
4661,art
4662,disable
4663,rugby
4664,process
4665,promo
4666,crown
4667,origami
4668,check
4669,white
4670,curtain
4671,relax
4672,bubble
4673,vulcan
4674,yogurt
4675,missile
4676,satay
4677,couple
4678,bubble
4679,tropical
4680,oat
4681,fasting
4682,atlantic
4683,mackerel
4684,smoke
4685,wedding
4686,flood
4687,cucina
4688,flag
4689,abstract
4690,ocean
4691,face
4692,medicinal
4693,medicinal
4694,chicken
4695,deco
4696,glitch
4697,application
4698,sky
4699,room
4700,shower
4701,3d
4702,personas
4703,coin
4704,background
4705,hart
4706,coral
4707,girl
4708,eyelid
4709,ask
4710,girl
4711,network
4712,english
4713,above
4714,aerobics
4715,japan
4716,fungo
4717,yoga
4718,chef
4719,alone
4720,ceramist
4721,paper
4722,china
4723,stump
4724,leadership
4725,school
4726,tablet
4727,tile
4728,lesbian
4729,number
4730,abstract
4731,abstract
4732,technology
4733,plush
4734,abstract
4735,man
4736,tshirt
4737,isometric
4738,pedicure
4739,weird
4740,poker
4741,crown
4742,3d
4743,strategy
4744,game
4745,blanco
4746,barrier
4747,monsters
4748,bangkok
4749,drawn
4750,mosques
4751,vinaigrette
4752,layout
4753,software
4754,galaxy
4755,black
4756,logo
4757,beijing
4758,pass
4759,background
4760,background
4761,robin
4762,district
4763,decor
4764,yacht
4765,abstract
4766,abstract
4767,shark
4768,hairdresser
4769,future
4770,poster
4771,eyeliner
4772,gym
4773,m
4774,lock
4775,candle
4776,icon
4777,engine
4778,arrow
4779,gum
4780,abstract
4781,publicidad
4782,cup
4783,fantasia
4784,save
4785,god
4786,amazing
4787,chicory
4788,autumn
4789,watercolor
4790,abstract
4791,posture
4792,tetris
4793,win
4794,christmas
4795,caf
4796,lable
4797,campo
4798,autumn
4799,familiar
4800,b
4801,air
4802,camp
4803,music
4804,Infographics
4805,moon
4806,japan
4807,sexy
4808,adult
4809,mango
4810,superman
4811,marketing
4812,dancing
4813,atm
4814,publication
4815,tropical
4816,aroma
4817,anteroom
4818,stage
4819,house
4820,cancer
4821,universal
4822,post
4823,tzatziki
4824,KITCHEN
4825,abstract
4826,cloud
4827,red
4828,sad
4829,girl
4830,roller
4831,pizza
4832,adj
4833,whale
4834,natal
4835,cobra
4836,delivery
4837,female
4838,camp
4839,corporate
4840,heart
4841,day
4842,dh
4843,window
4844,industria
4845,alma
4846,organic
4847,Cattleya
4848,leeds
4849,background
4850,montreal
4851,blame
4852,Asia
4853,tulip
4854,abstract
4855,sea
4856,amalgamate
4857,stationery
4858,valentine
4859,happy
4860,data
4861,bruce
4862,shop
4863,design
4864,lei
4865,rose
4866,belfast
4867,page
4868,pc
4869,mansion
4870,asia
4871,milk
4872,data
4873,vuvuzela
4874,hammer
4875,compliment
4876,orange
4877,vector
4878,avatar
4879,motocross
4880,game
4881,accountant
4882,strawberry
4883,heart
4884,awning
4885,men
4886,hungary
4887,cat
4888,chemise
4889,cartoon
4890,tea
4891,spiderman
4892,life
4893,mom
4894,border
4895,musician
4896,logistics
4897,yellow
4898,japanese
4899,ancient
4900,dich
4901,atelier
4902,shovel
4903,bubble
4904,pattern
4905,door
4906,background
4907,mango
4908,inequality
4909,black
4910,hair
4911,flamingo
4912,heart
4913,art
4914,profile
4915,musik
4916,trehalose
4917,accessory
4918,dubai
4919,analytics
4920,Search
4921,license
4922,planner
4923,video
4924,sled
4925,background
4926,yoga
4927,ginger
4928,occupation
4929,france
4930,blog
4931,bear
4932,dinner
4933,twitter
4934,banner
4935,Gulliver
4936,charity
4937,cat
4938,army
4939,cnc
4940,twinkle
4941,accessory
4942,chinese
4943,egypt
4944,sarap
4945,tomtom
4946,ei
4947,clock
4948,pattern
4949,bread
4950,farm
4951,3d
4952,blooming
4953,logo
4954,help
4955,pattern
4956,adult
4957,kid
4958,Initiatives
4959,band
4960,contract
4961,media
4962,map
4963,diet
4964,abstract
4965,aged
4966,familia
4967,modèle
4968,ostrich
4969,adult
4970,heart
4971,bathrobe
4972,worksheet
4973,trishul
4974,kids
4975,colombia
4976,tile
4977,sport
4978,casino
4979,casino
4980,adult
4981,colors
4982,roses
4983,portfolio
4984,busy
4985,naked
4986,nail
4987,us
4988,origami
4989,fashion
4990,caisse
4991,eucharist
4992,spotlight
4993,data
4994,air
4995,auto
4996,universal
4997,website
4998,bathroom
4999,bathroom
